{"cameraMode":{"drawMode":0,"name":"Shaded","section":"Shading Mode"},"sceneLighting":true,"audioPlay":false,"sceneViewState":{"showFog":false,"showMaterialUpdate":true,"showSkybox":true,"showFlares":true,"showImageEffects":true,"showParticleSystems":true},"in2DMode":false,"pivot":{"x":-0.00230786157771945,"y":6.717634201049805,"z":21.09803581237793},"rotation":{"x":0.019496705383062364,"y":-0.014996538870036602,"z":0.0002923069114331156,"w":0.9996979236602783},"size":40.92622756958008,"orthographic":false}